<metadata xml:lang="de">
	<Esri>
		<CreaDate>20230103</CreaDate>
		<CreaTime>23312900</CreaTime>
		<ArcGISFormat>1.0</ArcGISFormat>
		<SyncOnce>TRUE</SyncOnce>
		<DataProperties>
			<lineage>
				<Process ToolSource="z:\data\software\arcgis\server\framework\runtime\arcgis\Resources\ArcToolbox\toolboxes\Conversion Tools.tbx\JSONToFeatures" Date="20230103" Time="233129">JSONToFeatures Z:\data\arcgis\directories\arcgisjobs\utilities_itnrw\featureset2geodatascript_gpserver\j9b9e21ac5d524adca4a1cca7ab84ded7\scratch\B-2020-AI001-2-5--AI0106--2023-01-03.json Z:\data\arcgis\directories\arcgisjobs\utilities_itnrw\featureset2geodatascript_gpserver\j9b9e21ac5d524adca4a1cca7ab84ded7\scratch\B-2020-AI001-2-5--AI0106--2023-01-03.shp Polygon</Process>
				<Process ToolSource="z:\data\software\arcgis\server\framework\runtime\arcgis\Resources\ArcToolbox\toolboxes\Data Management Tools.tbx\RepairGeometry" Date="20230103" Time="233130">RepairGeometry Z:\data\arcgis\directories\arcgisjobs\utilities_itnrw\featureset2geodatascript_gpserver\j9b9e21ac5d524adca4a1cca7ab84ded7\scratch\B-2020-AI001-2-5--AI0106--2023-01-03.shp KEEP_NULL Esri</Process>
			</lineage>
		</DataProperties>
	</Esri>
</metadata>
